USE TStore;

INSERT INTO Category 
VALUES ('CA001', 'Shirt'),
('CA002', 'TShirt'),
('CA003', 'Jeans'),
('CA004', 'Jumper'),
('CA005', 'Skirt'),
('CA006', 'Dress'),
('CA007', 'Shorts'),
('CA008', 'Jacket'),
('CA009', 'Shoes'),
('CA010', 'Socks')

INSERT INTO Vendor
VALUES ('VE001', 'Starbocks', 'Star Street Blok A', '081111111111', 'starbocks1@gmail.com'),
('VE002', 'Ice Cult', 'Ice Street Blok B Segment 3', '082222222222', 'Ice2@gmail.com'),
('VE003', 'Clevable', 'Cleve Street Blok A1', '083333333333', 'Cleva3@gmail.com'),
('VE004', 'Sunshine Store', 'Sunshine Street Blok C no 332', '084444444444', 'Sun_shine4@gmail.com'),
('VE005', 'Jade Store', 'Jade Street Blok D', '085555555555', 'JadeStore5@gmail.com'),
('VE006', 'X-Street Store', 'X Street no 1', '086666666666', 'XStore6@gmail.com'),
('VE007', 'Roomies', 'Palace Hotel Tower', '087777777777', 'RoomiesPalace7@gmail.com'),
('VE008', 'Homesick girls', 'Sunstar Mall floor 2', '088888888888', 'Sunstar_homesick8@gmail.com'),
('VE009', 'Leilla', 'Line Street no 1', '089999999999', 'Leilla9@gmail.com'),
('VE010', 'Tartar Sauce Production', 'Tartar Street Blok D9', '081010101010', 'TartSauce10@gmail.com')

INSERT INTO Staff
VALUES ('ST001', 'Anna', 'Tstore Dormitory', '088811111111', 'Female', 'Anna01@Tstore.ac.id', 5000000),
('ST002', 'Annie', 'Tstore Dormitory', '088822222222', 'Female', 'Annie02@Tstore.ac.id', 3000000),
('ST003', 'Boy', 'Tstore Pavilion', '088833333333', 'Male', 'Boy03@Tstore.ac.id', 3000000),
('ST004', 'Charlie', 'Tstore Pavilion', '088844444444', 'Male', 'Charlie04@Tstore.ac.id', 7000000),
('ST005', 'Diana', 'Tstore Dormitory', '088855555555', 'Female', 'Diana05@Tstore.ac.id', 5000000),
('ST006', 'Ersan', 'Tstore Pavilion', '088866666666', 'Male', 'Ersan06@Tstore.ac.id', 3000000),
('ST007', 'Fiona', 'Tstore Dormitory', '088877777777', 'Female', 'Fiona07@Tstore.ac.id', 5000000),
('ST008', 'Greg', 'Tstore Pavilion', '088808080808', 'Male', 'Greg08@Tstore.ac.id', 7000000),
('ST009', 'Harold', 'Tstore Pavilion', '088899999999', 'Male', 'Harhar09@Tstore.ac.id', 5000000),
('ST010', 'Ivan', 'Tstore Pavilion', '088801010101', 'Male', 'Ivan010@Tstore.ac.id', 7000000)

INSERT INTO Customer
VALUES ('CU001', 'Kaitlyn', 'Leo Street no 1', '081245789654', 'Female', 'Kaitlyn001@gmail.com'),
('CU002', 'Layla', 'Virgo Street no 2', '083736289436', 'Female', 'Lay_la0022@gmail.com'),
('CU003', 'Mario', 'Pisces Street no 3', '084637852600', 'Male', 'Mariorio003@gmail.com'),
('CU004', 'Nancy', 'Aqua Street no 4', '087693729527', 'Female', 'Nan004@gmail.com'),
('CU005', 'Oscar', 'Aries Street no 5', '083658275810', 'Male', 'Oscar005@gmail.com'),
('CU006', 'Paul', 'Taurus Street no 6', '086589646521', 'Male', 'Paulu006@gmail.com'),
('CU007', 'Queen', 'Libra Street no 7', '089647893728', 'Female', 'Queen007@gmail.com'),
('CU008', 'Raymond', 'Cancer Street no 8', '087654789867', 'Male', 'RaymondCat008@gmail.com'),
('CU009', 'Sally', 'Sagita Street no 9', '082625241878', 'Female', 'Sally009@gmail.com'),
('CU010', 'Terry', 'Caprica Street no 10', '082637289018', 'Male', 'Terrysky010@gmail.com')

INSERT INTO Cloth
VALUES ('CL001', 'Pixive', 250000, 30, 'CA001'),
('CL002', 'Round & Round', 400000, 40, 'CA008'),
('CL003', 'Blee Blast', 300000, 10, 'CA010'),
('CL004', 'Rayfana', 800000, 100, 'CA005'),
('CL005', 'Rayhana', 700000, 50, 'CA002'),
('CL006', 'Round & Round', 150000, 80, 'CA004'),
('CL007', 'Pixive', 300000, 19, 'CA006'),
('CL008', 'Uvu Kavi', 120000, 87, 'CA001'),
('CL009', 'Klee Kaboom', 90000, 37, 'CA005'),
('CL010', 'Papio Pi', 500000, 56, 'CA009')

INSERT INTO Purchase_transaction
VALUES ('PU001', 'ST010', 'VE005', '2020/11/1 18:06:00'),
('PU002', 'ST001', 'VE006', '2020/11/3 13:27:28'),
('PU003', 'ST009', 'VE004', '2020/11/3 16:07:09'),
('PU004', 'ST002', 'VE007', '2020/11/5 08:09:20'),
('PU005', 'ST008', 'VE003', '2020/11/7 19:29:00'),
('PU006', 'ST003', 'VE008', '2020/11/8 20:00:01'),
('PU007', 'ST007', 'VE002', '2020/11/10 17:05:11'),
('PU008', 'ST004', 'VE009', '2020/11/10 19:00:05'),
('PU009', 'ST006', 'VE001', '2020/11/11 08:00:05'),
('PU010', 'ST005', 'VE010', '2020/11/11 13:05:00'),
('PU011', 'ST006', 'VE009', '2020/11/13 18:47:29'),
('PU012', 'ST004', 'VE008', '2020/11/15 07:09:28'),
('PU013', 'ST007', 'VE007', '2020/11/15 12:05:45'),
('PU014', 'ST003', 'VE006', '2020/11/15 19:07:23'),
('PU015', 'ST008', 'VE005', '2020/11/16 12:01:20')

INSERT INTO sales_transaction
VALUES ('SA001', 'ST010', 'CU005', '2020/11/1 18:06:00'),
('SA002', 'ST001', 'CU006', '2020/11/3 13:27:28'),
('SA003', 'ST009', 'CU004', '2020/11/3 16:07:09'),
('SA004', 'ST002', 'CU007', '2020/11/5 08:09:20'),
('SA005', 'ST008', 'CU003', '2020/11/7 19:29:00'),
('SA006', 'ST003', 'CU008', '2020/11/8 20:00:01'),
('SA007', 'ST007', 'CU002', '2020/11/10 17:05:11'),
('SA008', 'ST004', 'CU009', '2020/11/10 19:00:05'),
('SA009', 'ST006', 'CU001', '2020/11/11 08:00:05'),
('SA010', 'ST005', 'CU010', '2020/11/11 13:05:00'),
('SA011', 'ST006', 'CU009', '2020/11/13 18:47:29'),
('SA012', 'ST004', 'CU008', '2020/11/15 07:09:28'),
('SA013', 'ST007', 'CU007', '2020/11/15 12:05:45'),
('SA014', 'ST003', 'CU006', '2020/11/15 19:07:23'),
('SA015', 'ST008', 'CU005', '2020/11/16 12:01:20')

INSERT INTO pu_transaction_detail
VALUES ('PU001', 'CL003', 18),
('PU001', 'CL001', 30),
('PU001', 'CL005', 50),
('PU002', 'CL007', 100),
('PU002', 'CL002', 20),
('PU003', 'CL008', 100),
('PU004', 'CL010', 150),
('PU005', 'CL004', 5),
('PU005', 'CL005', 20),
('PU006', 'CL009', 40),
('PU006', 'CL010', 20),
('PU007', 'CL006', 30),
('PU008', 'CL010', 20),
('PU008', 'CL007', 40),
('PU009', 'CL008', 50),
('PU009', 'CL001', 60),
('PU010', 'CL004', 20),
('PU011', 'CL009', 30),
('PU012', 'CL005', 40),
('PU013', 'CL007', 20),
('PU013', 'CL003', 50),
('PU013', 'CL008', 60),
('PU013', 'CL002', 40),
('PU014', 'CL003', 120),
('PU015', 'CL008', 45),
('PU015', 'CL001', 30)

INSERT INTO sa_transaction_detail
VALUES ('SA001', 'CL003', 8),
('SA001', 'CL001', 3),
('SA001', 'CL005', 5),
('SA002', 'CL007', 10),
('SA002', 'CL002', 2),
('SA003', 'CL008', 10),
('SA004', 'CL010', 15),
('SA005', 'CL004', 5),
('SA005', 'CL005', 12),
('SA006', 'CL009', 4),
('SA006', 'CL010', 2),
('SA007', 'CL006', 3),
('SA008', 'CL010', 2),
('SA008', 'CL007', 4),
('SA009', 'CL008', 5),
('SA009', 'CL001', 6),
('SA010', 'CL004', 2),
('SA011', 'CL009', 3),
('SA012', 'CL005', 4),
('SA013', 'CL007', 2),
('SA013', 'CL003', 5),
('SA013', 'CL008', 6),
('SA013', 'CL002', 4),
('SA014', 'CL003', 12),
('SA015', 'CL008', 45),
('SA015', 'CL001', 30)